-- phpMyAdmin SQL Dump
-- version 5.2.2
-- https://www.phpmyadmin.net/
--
-- Host: mysql
-- Tempo de geração: 21-Set-2025 às 00:45
-- Versão do servidor: 8.0.43
-- versão do PHP: 8.2.27

SET SQL_MODE = "NO_AUTO_VALUE_ON_ZERO";
START TRANSACTION;
SET time_zone = "+00:00";


/*!40101 SET @OLD_CHARACTER_SET_CLIENT=@@CHARACTER_SET_CLIENT */;
/*!40101 SET @OLD_CHARACTER_SET_RESULTS=@@CHARACTER_SET_RESULTS */;
/*!40101 SET @OLD_COLLATION_CONNECTION=@@COLLATION_CONNECTION */;
/*!40101 SET NAMES utf8mb4 */;

--
-- Base de dados: `stockai_db`
--

-- --------------------------------------------------------

--
-- Estrutura da tabela `doctrine_migration_versions`
--

CREATE TABLE `doctrine_migration_versions` (
  `version` varchar(191) CHARACTER SET utf8mb3 COLLATE utf8mb3_unicode_ci NOT NULL,
  `executed_at` datetime DEFAULT NULL,
  `execution_time` int DEFAULT NULL
) ENGINE=InnoDB DEFAULT CHARSET=utf8mb3 COLLATE=utf8mb3_unicode_ci;

--
-- Extraindo dados da tabela `doctrine_migration_versions`
--

INSERT INTO `doctrine_migration_versions` (`version`, `executed_at`, `execution_time`) VALUES
('DoctrineMigrations\\Version20250920074522', '2025-09-20 22:15:00', 138),
('DoctrineMigrations\\Version20250920141959', '2025-09-20 22:15:00', 10),
('DoctrineMigrations\\Version20250920204115', '2025-09-20 22:15:00', 5),
('DoctrineMigrations\\Version20250920215852', '2025-09-20 22:15:00', 5),
('DoctrineMigrations\\Version20250920230317', '2025-09-20 23:06:47', 7),
('DoctrineMigrations\\Version20250920231256', '2025-09-20 23:13:01', 19),
('DoctrineMigrations\\Version20250920231634', '2025-09-20 23:16:39', 8),
('DoctrineMigrations\\Version20250921004417', '2025-09-21 00:44:25', 80);

-- --------------------------------------------------------

--
-- Estrutura da tabela `ingredient`
--

CREATE TABLE `ingredient` (
  `id` int NOT NULL,
  `product_id` int NOT NULL,
  `stock_id` int NOT NULL,
  `name` varchar(255) CHARACTER SET utf8mb4 COLLATE utf8mb4_unicode_ci NOT NULL,
  `quantity` double NOT NULL,
  `unit` varchar(50) CHARACTER SET utf8mb4 COLLATE utf8mb4_unicode_ci NOT NULL
) ENGINE=InnoDB DEFAULT CHARSET=utf8mb4 COLLATE=utf8mb4_unicode_ci;

--
-- Extraindo dados da tabela `ingredient`
--

INSERT INTO `ingredient` (`id`, `product_id`, `stock_id`, `name`, `quantity`, `unit`) VALUES
(1, 1, 1, 'Salt', 5, 'grams'),
(2, 1, 2, 'Pepper', 3, 'grams'),
(3, 1, 3, 'Lettuce', 100, 'grams'),
(4, 1, 4, 'Tomato', 50, 'grams'),
(5, 2, 21, 'Beef Patty', 150, 'grams'),
(6, 2, 8, 'Cheese Slice', 1, 'unit'),
(7, 4, 9, 'Potato', 200, 'grams'),
(8, 4, 10, 'Cooking Oil', 15, 'ml'),
(9, 1, 11, 'Chicken Breast', 120, 'grams'),
(10, 5, 12, 'Croutons', 30, 'grams'),
(11, 5, 13, 'Caesar Dressing', 25, 'ml'),
(12, 7, 14, 'Pizza Dough', 1, 'unit'),
(13, 7, 15, 'Mozzarella Cheese', 100, 'grams'),
(14, 7, 16, 'Tomato Sauce', 50, 'ml'),
(15, 8, 17, 'Bread', 2, 'slices'),
(17, 42, 48, 'Spaghetti', 120, 'grams'),
(18, 42, 49, 'Ground Beef', 100, 'grams'),
(19, 42, 50, 'Onion', 30, 'grams'),
(20, 42, 51, 'Carrot', 20, 'grams'),
(21, 43, 52, 'Veggie Patty', 120, 'grams'),
(22, 43, 80, 'Lettuce', 30, 'grams'),
(23, 43, 53, 'Cucumber', 15, 'grams'),
(24, 43, 17, 'Bread', 2, 'units'),
(25, 44, 55, 'Tortilla Wrap', 1, 'unit'),
(26, 44, 54, 'Grilled Chicken', 100, 'grams'),
(27, 44, 80, 'Lettuce', 20, 'grams'),
(28, 45, 14, 'Pizza Dough', 1, 'unit'),
(29, 45, 56, 'Mozzarella', 100, 'grams'),
(30, 45, 16, 'Tomato Sauce', 60, 'ml'),
(31, 45, 57, 'Basil', 10, 'grams'),
(32, 46, 58, 'Flour', 100, 'grams'),
(33, 46, 59, 'Milk', 50, 'ml'),
(34, 46, 60, 'Eggs', 2, 'units'),
(35, 47, 61, 'Beef Strips', 120, 'grams'),
(36, 47, 50, 'Onion', 20, 'grams'),
(37, 47, 59, 'Milk', 30, 'ml'),
(38, 48, 62, 'Lasagna Pasta', 150, 'grams'),
(39, 48, 56, 'Mozzarella', 80, 'grams'),
(40, 48, 16, 'Tomato Sauce', 50, 'ml'),
(41, 49, 80, 'Lettuce', 50, 'grams'),
(42, 49, 63, 'Feta Cheese', 40, 'grams'),
(43, 49, 64, 'Olives', 20, 'grams'),
(44, 49, 28, 'Cucumber', 15, 'grams'),
(45, 50, 65, 'Pasta', 120, 'grams'),
(46, 50, 54, 'Grilled Chicken', 80, 'grams'),
(47, 50, 66, 'Alfredo Sauce', 40, 'ml'),
(48, 51, 67, 'Ribs', 200, 'grams'),
(49, 51, 68, 'BBQ Sauce', 30, 'ml'),
(50, 52, 69, 'Tuna', 60, 'grams'),
(51, 52, 70, 'Mayonnaise', 20, 'ml'),
(52, 52, 17, 'Bread', 2, 'units'),
(53, 53, 71, 'Mixed Vegetables', 150, 'grams'),
(54, 53, 78, 'Noodles', 80, 'grams'),
(55, 54, 72, 'Minced Beef', 100, 'grams'),
(56, 54, 55, 'Tortilla Wrap', 1, 'unit'),
(57, 54, 50, 'Onion', 20, 'grams'),
(58, 55, 54, 'Grilled Chicken', 120, 'grams'),
(59, 55, 16, 'Tomato Sauce', 40, 'ml'),
(60, 55, 50, 'Onion', 20, 'grams'),
(61, 56, 74, 'Shrimp', 80, 'grams'),
(62, 56, 75, 'Rice', 120, 'grams'),
(63, 56, 50, 'Onion', 20, 'grams'),
(64, 57, 76, 'Miso Paste', 30, 'grams'),
(65, 57, 77, 'Tofu', 40, 'grams'),
(66, 58, 78, 'Noodles', 100, 'grams'),
(67, 58, 54, 'Grilled Chicken', 80, 'grams'),
(68, 59, 75, 'Rice', 100, 'grams'),
(69, 59, 79, 'Fish Fillet', 60, 'grams'),
(70, 59, 80, 'Lettuce', 20, 'grams'),
(71, 60, 55, 'Tortilla Wrap', 1, 'unit'),
(72, 60, 71, 'Mixed Vegetables', 50, 'grams'),
(73, 61, 59, 'Milk', 100, 'ml'),
(74, 61, 50, 'Onion', 20, 'grams'),
(75, 62, 78, 'Noodles', 100, 'grams'),
(76, 62, 54, 'Grilled Chicken', 80, 'grams'),
(77, 63, 54, 'Grilled Chicken', 200, 'grams'),
(78, 64, 79, 'Fish Fillet', 150, 'grams'),
(79, 64, 50, 'Onion', 20, 'grams'),
(80, 65, 71, 'Mixed Vegetables', 120, 'grams'),
(81, 65, 59, 'Milk', 30, 'ml'),
(82, 66, 17, 'Bread', 3, 'units'),
(83, 66, 34, 'Ham Slice', 40, 'grams'),
(84, 66, 80, 'Lettuce', 20, 'grams');

-- --------------------------------------------------------

--
-- Estrutura da tabela `invoice`
--

CREATE TABLE `invoice` (
  `id` int NOT NULL,
  `created_at` datetime NOT NULL COMMENT '(DC2Type:datetime_immutable)',
  `link_image_invoice` longtext COLLATE utf8mb4_unicode_ci NOT NULL,
  `supplier_name` varchar(255) CHARACTER SET utf8mb4 COLLATE utf8mb4_unicode_ci NOT NULL
) ENGINE=InnoDB DEFAULT CHARSET=utf8mb4 COLLATE=utf8mb4_unicode_ci;

--
-- Extraindo dados da tabela `invoice`
--

INSERT INTO `invoice` (`id`, `created_at`, `link_image_invoice`, `supplier_name`) VALUES
(1, '2025-09-20 21:40:26', 'https://meuservidor.com/notas/nf001.png', 'Fornecedor XPTO');

-- --------------------------------------------------------

--
-- Estrutura da tabela `messages_sent`
--

CREATE TABLE `messages_sent` (
  `id` int NOT NULL,
  `html` longtext CHARACTER SET utf8mb4 COLLATE utf8mb4_unicode_ci NOT NULL,
  `recipient` varchar(255) CHARACTER SET utf8mb4 COLLATE utf8mb4_unicode_ci NOT NULL,
  `title` varchar(255) CHARACTER SET utf8mb4 COLLATE utf8mb4_unicode_ci NOT NULL,
  `created_at` datetime NOT NULL COMMENT '(DC2Type:datetime_immutable)',
  `supplier_name` varchar(255) COLLATE utf8mb4_unicode_ci NOT NULL,
  `supplier_id` int NOT NULL
) ENGINE=InnoDB DEFAULT CHARSET=utf8mb4 COLLATE=utf8mb4_unicode_ci;

--
-- Extraindo dados da tabela `messages_sent`
--

INSERT INTO `messages_sent` (`id`, `html`, `recipient`, `title`, `created_at`, `supplier_name`, `supplier_id`) VALUES
(1, '<h1>Obrigado pela sua compra!</h1><p>Seu pedido foi confirmado.</p>', 'cliente@exemplo.com', 'Confirmação de Pedido', '2025-09-20 22:57:24', 'Mercado Central', 1),
(2, '<ul><li>Arroz - 10 un</li><li>Feijão - 50 un</li><li>Óleo - 30 un</li></ul>', 'contato@supermercadobompreco.com', 'Lista de Compras - Semana 38', '2025-09-20 23:28:29', 'Supermercado Bom Preço', 2);

-- --------------------------------------------------------

--
-- Estrutura da tabela `messenger_messages`
--

CREATE TABLE `messenger_messages` (
  `id` bigint NOT NULL,
  `body` longtext CHARACTER SET utf8mb4 COLLATE utf8mb4_unicode_ci NOT NULL,
  `headers` longtext CHARACTER SET utf8mb4 COLLATE utf8mb4_unicode_ci NOT NULL,
  `queue_name` varchar(190) CHARACTER SET utf8mb4 COLLATE utf8mb4_unicode_ci NOT NULL,
  `created_at` datetime NOT NULL COMMENT '(DC2Type:datetime_immutable)',
  `available_at` datetime NOT NULL COMMENT '(DC2Type:datetime_immutable)',
  `delivered_at` datetime DEFAULT NULL COMMENT '(DC2Type:datetime_immutable)'
) ENGINE=InnoDB DEFAULT CHARSET=utf8mb4 COLLATE=utf8mb4_unicode_ci;

-- --------------------------------------------------------

--
-- Estrutura da tabela `order`
--

CREATE TABLE `order` (
  `id` int NOT NULL,
  `total_price` double NOT NULL,
  `order_date` datetime NOT NULL COMMENT '(DC2Type:datetime_immutable)'
) ENGINE=InnoDB DEFAULT CHARSET=utf8mb4 COLLATE=utf8mb4_unicode_ci;

--
-- Extraindo dados da tabela `order`
--

INSERT INTO `order` (`id`, `total_price`, `order_date`) VALUES
(1, 25, '2023-10-01 12:00:00'),
(2, 22, '2023-10-02 15:30:00'),
(3, 35, '2023-10-03 18:45:00'),
(4, 42, '2023-10-04 13:15:00'),
(5, 55, '2023-10-05 19:30:00'),
(6, 54, '2023-10-06 12:45:00'),
(7, 56, '2023-10-07 20:00:00'),
(8, 75, '2025-09-20 16:36:44'),
(9, 75, '2025-09-20 16:43:24'),
(10, 75, '2025-09-20 16:56:39'),
(11, 75, '2025-09-20 16:56:51'),
(12, 75, '2025-09-20 17:01:38'),
(13, 75, '2025-09-20 17:02:02'),
(14, 10, '2025-09-20 18:47:56'),
(15, 10, '2025-09-20 18:47:59'),
(16, 10, '2025-09-20 18:48:01'),
(17, 10, '2025-09-20 18:48:04'),
(18, 10, '2025-09-20 18:48:06'),
(19, 10, '2025-09-20 18:48:08'),
(20, 10, '2025-09-20 18:48:11'),
(21, 10, '2025-09-20 18:48:16'),
(22, 10, '2025-09-20 18:48:18'),
(23, 10, '2025-09-20 18:48:23'),
(24, 15, '2025-09-20 22:45:14'),
(25, 30.52, '2024-04-20 15:50:36'),
(26, 62.22, '2025-01-16 10:42:26'),
(27, 56.43, '2025-02-20 06:53:39'),
(28, 69.39, '2023-09-25 13:09:59'),
(29, 25.86, '2024-06-16 17:20:43'),
(30, 46.12, '2025-06-20 20:01:37'),
(31, 21.68, '2024-05-22 10:19:11'),
(32, 21.68, '2023-12-10 01:27:09'),
(33, 22.59, '2024-05-27 08:54:46'),
(34, 48.49, '2024-10-09 17:00:08'),
(35, 23.75, '2025-04-26 09:12:48'),
(36, 223.9, '2024-12-27 05:55:47'),
(37, 47.25, '2024-10-13 11:55:58'),
(38, 211.05, '2025-08-13 11:44:18'),
(39, 95.6, '2025-09-07 09:08:44'),
(40, 61.85, '2024-01-30 19:56:38'),
(41, 109.55, '2025-02-18 09:38:43'),
(42, 94.4, '2025-06-07 19:14:37'),
(43, 8.97, '2024-07-15 06:48:20'),
(44, 22.11, '2023-09-30 11:44:16'),
(45, 51.16, '2024-10-22 20:10:43'),
(46, 6.9, '2024-03-10 01:29:48'),
(47, 75.49, '2024-06-02 21:08:09'),
(48, 51.22, '2025-08-01 16:37:03'),
(49, 17.86, '2024-11-20 14:04:21'),
(50, 112.22, '2024-03-19 17:09:26'),
(51, 132.42, '2024-10-25 06:44:06'),
(52, 83.04, '2025-06-10 13:10:05'),
(53, 162.95, '2025-09-21 19:20:10'),
(54, 213.82, '2024-08-08 22:38:19'),
(55, 28.86, '2024-03-23 16:32:31'),
(56, 172.42, '2024-04-22 23:22:45'),
(57, 238.96, '2025-05-09 06:31:38'),
(58, 17.52, '2024-07-08 10:31:33'),
(59, 160.46, '2024-03-07 03:58:09'),
(60, 80.76, '2024-10-18 19:04:01'),
(61, 120.62, '2025-03-12 04:27:40'),
(62, 87.65, '2024-12-01 12:17:46'),
(63, 62.25, '2025-04-25 11:30:10'),
(64, 178.22, '2023-11-11 17:27:23'),
(65, 140.56, '2024-05-20 16:28:44'),
(66, 201.06, '2023-11-26 22:17:06'),
(67, 61.04, '2023-12-24 17:28:41'),
(68, 119.47, '2025-06-04 13:33:42'),
(69, 38.6, '2024-02-03 21:30:52'),
(70, 229.88, '2025-04-19 06:09:29'),
(71, 176.48, '2025-01-10 23:22:49'),
(72, 257.32, '2024-10-09 18:31:38'),
(73, 120.1, '2023-11-30 23:18:15'),
(74, 155.42, '2023-11-26 00:44:05'),
(75, 66.81, '2024-05-10 09:44:03'),
(76, 113.6, '2024-02-01 07:36:35'),
(77, 80.84, '2025-01-06 05:21:34'),
(78, 81.33, '2023-09-22 10:32:38'),
(79, 37.11, '2024-03-01 19:43:37'),
(80, 103.94, '2024-08-26 04:39:50'),
(81, 77.36, '2024-08-17 08:16:16'),
(82, 14.6, '2023-11-21 10:09:07'),
(83, 194.39, '2025-02-16 02:45:55'),
(84, 165.33, '2023-12-29 21:30:25'),
(85, 63.45, '2025-02-01 20:01:13'),
(86, 216.75, '2025-07-19 08:08:13'),
(87, 131.58, '2023-12-13 10:14:09'),
(88, 61.39, '2025-06-26 19:19:37'),
(89, 149.7, '2024-10-20 20:05:04'),
(90, 32.74, '2025-06-02 16:57:46'),
(91, 142.92, '2024-03-18 04:36:43'),
(92, 22.16, '2025-06-27 12:24:46'),
(93, 107.25, '2024-09-19 05:05:36'),
(94, 38.01, '2024-06-25 17:55:56'),
(95, 131.95, '2025-07-26 17:13:01'),
(96, 55.1, '2024-12-31 21:54:04'),
(97, 210.77, '2024-02-23 07:21:35'),
(98, 158.29, '2025-07-23 03:41:09'),
(99, 60.12, '2024-02-16 11:17:48'),
(100, 12.28, '2025-08-07 07:07:42'),
(101, 46.12, '2025-02-25 17:36:39'),
(102, 113.93, '2024-02-05 18:42:16'),
(103, 34.6, '2025-03-20 03:52:45'),
(104, 142.07, '2023-10-13 14:44:07'),
(105, 38.71, '2025-02-08 05:10:02'),
(106, 171.34, '2025-03-24 00:51:10'),
(107, 125.5, '2025-06-24 07:34:28'),
(108, 42.84, '2025-05-25 11:35:08'),
(109, 162.75, '2024-06-04 12:19:11'),
(110, 108.02, '2025-02-27 17:53:54'),
(111, 100.44, '2024-02-05 15:04:53'),
(112, 110.37, '2024-06-07 02:12:18'),
(113, 43.69, '2024-06-15 14:03:47'),
(114, 38.33, '2025-05-12 11:59:04'),
(115, 59.08, '2024-01-23 11:18:52'),
(116, 236.87, '2023-10-28 09:11:35'),
(117, 14.36, '2024-03-15 19:07:28'),
(118, 163.48, '2024-04-21 12:16:09'),
(119, 61.11, '2025-09-06 07:19:44'),
(120, 5.42, '2025-09-16 06:24:46'),
(121, 66.06, '2025-09-18 21:46:05'),
(122, 199.82, '2023-11-04 22:13:13'),
(123, 134.99, '2025-01-26 16:26:47'),
(124, 144.05, '2023-12-14 16:49:55'),
(125, 235.78, '2023-12-14 00:19:22'),
(126, 94.32, '2023-10-10 20:52:17'),
(127, 70.86, '2024-12-10 17:24:33'),
(128, 68.28, '2024-04-01 23:28:32'),
(129, 20.76, '2024-01-21 21:01:32'),
(130, 76.21, '2023-12-25 12:03:03'),
(131, 113.69, '2024-05-30 03:52:14'),
(132, 56.21, '2025-01-16 00:18:31'),
(133, 223.24, '2024-09-07 18:19:42'),
(134, 198.17, '2025-04-12 16:56:18'),
(135, 126.75, '2024-07-04 04:53:36'),
(136, 88.32, '2025-08-10 00:32:54'),
(137, 16.26, '2024-03-03 08:01:52'),
(138, 86.5, '2023-09-24 04:54:08'),
(139, 70.83, '2024-10-22 10:51:14'),
(140, 61.85, '2024-08-25 05:53:43'),
(141, 177.7, '2025-09-01 12:57:10'),
(142, 75.61, '2024-06-17 15:29:20'),
(143, 65.42, '2023-10-25 07:31:32'),
(144, 242.85, '2024-07-27 07:07:11'),
(145, 178.63, '2024-04-01 05:28:05'),
(146, 109.84, '2024-02-24 10:39:18'),
(147, 91.54, '2024-12-23 02:41:11'),
(148, 100.23, '2024-04-06 11:52:39'),
(149, 133.93, '2024-10-14 20:00:46'),
(150, 126.26, '2024-01-08 03:55:22'),
(151, 230.19, '2023-09-24 20:50:33'),
(152, 104, '2024-08-26 02:36:38'),
(153, 5.72, '2023-12-01 20:18:56'),
(154, 54.9, '2024-05-28 13:54:03'),
(155, 84.74, '2025-05-26 18:06:09'),
(156, 268.7, '2024-09-08 07:35:35'),
(157, 12.67, '2024-11-08 21:37:12'),
(158, 5.19, '2023-09-22 09:42:51'),
(159, 112.67, '2023-12-25 07:58:20'),
(160, 78.59, '2025-06-04 18:34:40'),
(161, 199.42, '2025-03-17 13:25:07'),
(162, 8.64, '2024-07-20 22:25:34'),
(163, 68.35, '2023-10-29 08:15:33'),
(164, 106.73, '2024-07-13 00:11:15'),
(165, 51.54, '2024-03-30 21:56:17'),
(166, 107.1, '2024-03-19 16:27:09'),
(167, 75.2, '2023-11-05 07:00:57'),
(168, 130.94, '2024-05-22 19:55:36'),
(169, 47.86, '2025-07-30 14:59:56'),
(170, 111.72, '2024-06-07 15:43:13'),
(171, 44.32, '2024-06-15 13:23:12'),
(172, 32.82, '2023-10-15 19:13:37'),
(173, 73.5, '2024-12-30 18:32:44'),
(174, 89.16, '2023-11-25 21:32:13'),
(175, 101.34, '2023-12-29 12:24:20'),
(176, 18.21, '2024-12-08 19:53:57'),
(177, 87.25, '2024-09-06 22:50:19'),
(178, 253.91, '2024-03-10 09:10:45'),
(179, 44.52, '2025-01-24 13:09:36'),
(180, 46.78, '2023-11-29 03:19:45'),
(181, 43.23, '2024-08-08 04:29:59'),
(182, 72.3, '2024-04-29 06:38:50'),
(183, 111.55, '2023-12-04 08:25:17'),
(184, 87.61, '2024-06-04 07:55:21'),
(185, 46.48, '2024-04-28 09:58:40'),
(186, 94.35, '2025-03-02 19:02:03'),
(187, 87.46, '2024-10-27 21:23:07'),
(188, 17.52, '2025-03-23 10:46:19'),
(189, 44.32, '2025-04-27 22:51:22'),
(190, 21.29, '2025-07-31 04:45:22'),
(191, 14.6, '2024-05-10 01:38:44'),
(192, 25.87, '2024-08-18 12:55:20'),
(193, 73.73, '2024-07-01 03:52:26'),
(194, 49.48, '2024-08-28 19:05:48'),
(195, 65.86, '2023-11-12 04:37:09'),
(196, 172.46, '2025-08-31 16:45:14'),
(197, 16.52, '2025-05-31 22:36:50'),
(198, 29.85, '2024-04-22 10:10:08'),
(199, 53.83, '2024-04-15 19:51:03'),
(200, 22.98, '2024-12-24 14:38:39'),
(201, 165.2, '2024-03-04 09:07:51'),
(202, 38.63, '2024-12-07 13:05:46'),
(203, 51.9, '2025-03-29 11:37:00'),
(204, 76.33, '2024-05-26 18:38:37'),
(205, 137.99, '2024-11-02 08:00:29'),
(206, 164.2, '2023-12-26 08:20:25'),
(207, 182.17, '2025-05-19 15:19:17'),
(208, 177.62, '2025-02-26 16:07:28'),
(209, 78.75, '2024-06-11 16:48:56'),
(210, 112.43, '2023-09-28 00:30:55'),
(211, 141.09, '2025-06-14 13:27:02'),
(212, 202.92, '2023-12-25 18:51:58'),
(213, 117.8, '2024-12-09 19:51:37'),
(214, 56.44, '2025-04-06 14:01:11'),
(215, 92.24, '2024-10-21 06:59:16'),
(216, 30.58, '2023-12-07 18:45:56'),
(217, 168.37, '2024-02-03 10:58:26'),
(218, 117.35, '2024-04-21 14:23:27'),
(219, 224.99, '2025-06-02 15:12:06'),
(220, 99.54, '2025-04-21 21:05:15'),
(221, 12.96, '2023-09-30 21:06:54'),
(222, 98.37, '2024-02-01 07:24:40'),
(223, 28.6, '2025-03-09 16:38:08'),
(224, 242.62, '2024-05-24 12:42:18'),
(225, 17.3, '2025-04-21 23:05:31'),
(226, 102.13, '2024-05-23 09:23:00'),
(227, 211.27, '2024-05-30 19:17:44'),
(228, 76.88, '2025-02-03 03:47:49'),
(229, 157.1, '2024-05-12 01:07:07'),
(230, 259.71, '2025-01-10 23:32:10'),
(231, 95.77, '2025-08-25 12:24:02'),
(232, 124.53, '2025-02-18 00:01:55'),
(233, 97.47, '2024-12-15 04:06:16'),
(234, 60.64, '2025-07-15 14:25:07'),
(235, 109.86, '2024-05-26 11:52:35'),
(236, 63.25, '2024-07-03 13:01:51'),
(237, 35.9, '2023-11-12 04:49:33'),
(238, 38.69, '2024-10-07 13:26:00'),
(239, 83.99, '2024-04-26 08:28:58'),
(240, 4.26, '2025-04-28 15:42:14'),
(241, 93.39, '2024-12-15 06:53:24'),
(242, 10.88, '2025-09-18 14:33:09'),
(243, 153.75, '2025-04-21 18:38:37'),
(244, 49.24, '2025-04-15 17:43:52'),
(245, 166.94, '2023-09-25 15:04:54'),
(246, 108.94, '2023-10-02 14:19:31'),
(247, 86.83, '2023-11-29 17:43:18'),
(248, 51.14, '2024-05-17 06:59:13'),
(249, 114.17, '2024-05-21 05:12:25'),
(250, 140.84, '2024-07-19 01:29:56'),
(251, 40.36, '2023-12-07 05:40:16'),
(252, 112.35, '2024-10-30 00:16:43'),
(253, 80.95, '2024-09-07 06:45:38'),
(254, 40.5, '2024-01-25 17:00:34'),
(255, 167.09, '2023-10-11 19:36:52'),
(256, 12.28, '2025-02-14 12:55:27'),
(257, 169.81, '2024-06-28 01:52:19'),
(258, 150.44, '2023-10-23 02:35:32'),
(259, 122.22, '2024-04-13 13:22:33'),
(260, 64.65, '2023-12-05 06:06:47'),
(261, 23.75, '2025-01-26 21:56:15'),
(262, 80.02, '2024-10-12 15:31:05'),
(263, 201.32, '2024-03-14 18:55:45'),
(264, 65, '2024-05-04 16:05:50'),
(265, 174.91, '2025-03-01 01:26:46'),
(266, 154.19, '2024-01-25 20:52:40'),
(267, 288.49, '2025-08-08 09:01:06'),
(268, 82.14, '2024-08-08 00:52:09'),
(269, 148.32, '2024-01-13 13:13:57'),
(270, 150.45, '2024-11-07 12:27:35'),
(271, 92.21, '2024-03-07 23:56:34'),
(272, 232.28, '2025-01-18 00:39:30'),
(273, 14.3, '2023-10-06 06:29:01'),
(274, 177.25, '2024-01-24 07:27:00'),
(275, 35.32, '2024-01-23 01:02:43'),
(276, 115.02, '2024-09-15 23:22:26'),
(277, 94.81, '2024-01-05 10:54:40'),
(278, 131.85, '2025-08-16 20:32:38'),
(279, 181.2, '2024-02-11 09:02:59'),
(280, 76.58, '2024-12-11 09:21:51'),
(281, 18.11, '2025-05-11 03:09:57'),
(282, 11.96, '2024-03-21 02:59:01'),
(283, 124.29, '2024-12-21 22:44:49'),
(284, 62.52, '2025-02-09 23:43:40'),
(285, 102, '2024-12-23 00:35:07'),
(286, 261.39, '2025-07-05 12:32:19'),
(287, 108.24, '2024-12-28 08:14:15'),
(288, 107.25, '2024-01-16 01:06:19'),
(289, 217.47, '2023-09-28 05:20:03'),
(290, 55.6, '2024-10-24 04:09:28'),
(291, 15.57, '2025-06-05 13:04:57'),
(292, 43.26, '2024-07-24 17:17:24'),
(293, 91.52, '2023-09-29 00:30:06'),
(294, 89.88, '2024-10-25 12:37:14'),
(295, 94.16, '2025-04-01 10:02:09'),
(296, 77.49, '2024-06-07 02:16:45'),
(297, 155.96, '2024-04-28 23:27:39'),
(298, 45.57, '2025-07-16 05:25:15'),
(299, 39.58, '2025-02-07 11:42:00'),
(300, 68.64, '2025-04-11 21:16:43'),
(301, 120.39, '2024-03-22 18:17:54'),
(302, 10.84, '2025-07-28 10:04:47'),
(303, 101.31, '2023-10-10 13:20:16'),
(304, 155.68, '2025-01-16 18:19:49'),
(305, 163.37, '2025-08-29 07:55:16'),
(306, 164.34, '2023-10-23 22:26:10'),
(307, 111.32, '2024-03-08 12:10:50'),
(308, 125.87, '2024-12-15 11:48:55'),
(309, 132.6, '2023-12-16 18:24:22'),
(310, 148.4, '2025-07-11 18:44:32'),
(311, 99.3, '2025-07-26 22:29:11'),
(312, 19.16, '2023-10-11 01:46:28'),
(313, 108.81, '2025-07-24 03:48:17'),
(314, 108.7, '2024-05-24 21:42:22'),
(315, 60.1, '2024-01-09 05:29:14'),
(316, 137.78, '2024-05-03 19:10:08'),
(317, 92.63, '2023-12-13 22:13:40'),
(318, 29.72, '2024-12-12 04:52:40'),
(319, 121.4, '2024-01-18 16:19:43'),
(320, 150.24, '2024-09-27 14:36:15'),
(321, 159.98, '2024-06-03 21:13:39'),
(322, 129.67, '2024-12-31 02:11:08'),
(323, 47.15, '2023-12-19 16:19:03'),
(324, 125.38, '2024-02-23 07:40:51');

-- --------------------------------------------------------

--
-- Estrutura da tabela `order_item`
--

CREATE TABLE `order_item` (
  `id` int NOT NULL,
  `product_id` int NOT NULL,
  `order_id` int NOT NULL,
  `quantity` int NOT NULL,
  `price` double NOT NULL
) ENGINE=InnoDB DEFAULT CHARSET=utf8mb4 COLLATE=utf8mb4_unicode_ci;

--
-- Extraindo dados da tabela `order_item`
--

INSERT INTO `order_item` (`id`, `product_id`, `order_id`, `quantity`, `price`) VALUES
(1, 1, 1, 2, 10),
(2, 3, 1, 1, 5),
(3, 2, 2, 1, 15),
(4, 4, 2, 1, 7),
(5, 7, 3, 1, 18),
(6, 6, 3, 2, 4.5),
(7, 10, 3, 1, 8),
(8, 5, 4, 2, 12),
(9, 9, 4, 3, 6),
(10, 13, 5, 2, 16),
(11, 14, 5, 4, 3),
(12, 12, 5, 2, 6.5),
(13, 8, 6, 3, 13),
(14, 15, 6, 2, 7.5),
(15, 11, 7, 4, 9),
(16, 3, 7, 4, 5),
(17, 1, 8, 2, 10),
(18, 3, 8, 1, 5),
(19, 1, 9, 2, 10),
(20, 3, 9, 1, 5),
(21, 1, 10, 2, 10),
(22, 3, 10, 1, 5),
(23, 1, 11, 2, 10),
(24, 3, 11, 1, 5),
(25, 1, 12, 2, 10),
(26, 3, 12, 1, 5),
(27, 1, 13, 2, 10),
(28, 3, 13, 1, 5),
(29, 1, 14, 1, 10),
(30, 1, 15, 1, 10),
(31, 1, 16, 1, 10),
(32, 1, 17, 1, 10),
(33, 1, 18, 1, 10),
(34, 1, 19, 1, 10),
(35, 1, 20, 1, 10),
(36, 1, 21, 1, 10),
(37, 1, 22, 1, 10),
(38, 1, 23, 1, 10),
(39, 2, 24, 1, 15),
(40, 34, 17, 3, 5.72),
(41, 1, 17, 3, 10.97),
(42, 39, 17, 2, 21.15),
(43, 59, 17, 2, 23.09),
(44, 4, 18, 4, 21.42),
(45, 65, 19, 3, 14.43),
(46, 8, 19, 1, 4.49),
(47, 54, 19, 5, 16.52),
(48, 14, 20, 5, 4.38),
(49, 40, 21, 5, 4.32),
(50, 22, 22, 5, 3.06),
(51, 65, 22, 3, 14.43),
(52, 58, 23, 4, 2.93),
(53, 39, 23, 3, 21.15),
(54, 46, 24, 4, 5.97),
(55, 38, 24, 3, 14.77),
(56, 23, 24, 2, 6.75),
(57, 18, 25, 2, 15.26),
(58, 58, 26, 4, 2.93),
(59, 40, 26, 5, 4.32),
(60, 53, 26, 5, 5.78),
(61, 44, 27, 3, 9.81),
(62, 23, 27, 4, 6.75),
(63, 26, 28, 3, 23.13),
(64, 53, 29, 2, 5.78),
(65, 49, 29, 1, 14.3),
(66, 13, 30, 2, 23.06),
(67, 32, 31, 4, 5.42),
(68, 32, 32, 4, 5.42),
(69, 25, 33, 1, 22.59),
(70, 50, 34, 4, 2.68),
(71, 23, 34, 3, 6.75),
(72, 14, 34, 4, 4.38),
(73, 7, 35, 1, 23.75),
(74, 12, 36, 3, 22.16),
(75, 28, 36, 4, 22.27),
(76, 1, 36, 3, 10.97),
(77, 61, 36, 3, 11.81),
(78, 56, 37, 3, 15.75),
(79, 6, 38, 5, 21.45),
(80, 51, 38, 5, 20.76),
(81, 53, 39, 2, 5.78),
(82, 50, 39, 1, 2.68),
(83, 64, 39, 4, 18.88),
(84, 17, 39, 2, 2.92),
(85, 10, 40, 2, 7.18),
(86, 35, 40, 2, 18.26),
(87, 1, 40, 1, 10.97),
(88, 64, 41, 2, 18.88),
(89, 11, 41, 3, 23.93),
(90, 64, 42, 5, 18.88),
(91, 63, 43, 3, 2.99),
(92, 63, 44, 3, 2.99),
(93, 14, 44, 3, 4.38),
(94, 63, 45, 2, 2.99),
(95, 25, 45, 2, 22.59),
(96, 21, 46, 1, 6.9),
(97, 43, 47, 3, 2.13),
(98, 28, 47, 2, 22.27),
(99, 41, 47, 2, 12.28),
(100, 21, 48, 3, 6.9),
(101, 18, 48, 2, 15.26),
(102, 66, 49, 1, 17.86),
(103, 42, 50, 2, 22.08),
(104, 51, 50, 3, 20.76),
(105, 53, 50, 1, 5.78),
(106, 42, 51, 5, 22.08),
(107, 52, 51, 1, 22.02),
(108, 51, 52, 4, 20.76),
(109, 50, 53, 4, 2.68),
(110, 66, 53, 2, 17.86),
(111, 61, 53, 4, 11.81),
(112, 59, 53, 3, 23.09),
(113, 51, 54, 3, 20.76),
(114, 59, 54, 2, 23.09),
(115, 45, 54, 4, 5.19),
(116, 39, 54, 4, 21.15),
(117, 65, 55, 2, 14.43),
(118, 24, 56, 5, 16.42),
(119, 66, 56, 2, 17.86),
(120, 30, 56, 4, 13.65),
(121, 52, 57, 5, 22.02),
(122, 26, 57, 2, 23.13),
(123, 54, 57, 5, 16.52),
(124, 14, 58, 4, 4.38),
(125, 23, 59, 3, 6.75),
(126, 22, 59, 5, 3.06),
(127, 63, 59, 4, 2.99),
(128, 25, 59, 5, 22.59),
(129, 60, 60, 4, 5.42),
(130, 38, 60, 4, 14.77),
(131, 46, 61, 4, 5.97),
(132, 55, 61, 3, 9.19),
(133, 38, 61, 1, 14.77),
(134, 36, 61, 5, 10.88),
(135, 32, 62, 1, 5.42),
(136, 35, 62, 4, 18.26),
(137, 55, 62, 1, 9.19),
(138, 53, 63, 5, 5.78),
(139, 36, 63, 1, 10.88),
(140, 31, 63, 1, 22.47),
(141, 35, 64, 4, 18.26),
(142, 6, 64, 2, 21.45),
(143, 51, 64, 3, 20.76),
(144, 55, 65, 4, 9.19),
(145, 51, 65, 5, 20.76),
(146, 25, 66, 5, 22.59),
(147, 61, 66, 1, 11.81),
(148, 18, 66, 5, 15.26),
(149, 18, 67, 4, 15.26),
(150, 26, 68, 3, 23.13),
(151, 3, 68, 2, 12.37),
(152, 57, 68, 1, 17.3),
(153, 50, 68, 3, 2.68),
(154, 20, 69, 5, 7.72),
(155, 13, 70, 5, 23.06),
(156, 58, 70, 4, 2.93),
(157, 47, 70, 4, 14.42),
(158, 25, 70, 2, 22.59),
(159, 36, 71, 5, 10.88),
(160, 12, 71, 2, 22.16),
(161, 20, 71, 3, 7.72),
(162, 30, 71, 4, 13.65),
(163, 49, 72, 2, 14.3),
(164, 5, 72, 5, 15.63),
(165, 1, 72, 5, 10.97),
(166, 11, 72, 4, 23.93),
(167, 22, 73, 5, 3.06),
(168, 26, 73, 4, 23.13),
(169, 41, 73, 1, 12.28),
(170, 24, 74, 2, 16.42),
(171, 21, 74, 5, 6.9),
(172, 52, 74, 4, 22.02),
(173, 28, 75, 3, 22.27),
(174, 2, 76, 2, 12.67),
(175, 1, 76, 3, 10.97),
(176, 48, 76, 3, 7.57),
(177, 36, 76, 3, 10.88),
(178, 19, 77, 3, 6.48),
(179, 41, 77, 5, 12.28),
(180, 38, 78, 3, 14.77),
(181, 45, 78, 1, 5.19),
(182, 63, 78, 1, 2.99),
(183, 47, 78, 2, 14.42),
(184, 3, 79, 3, 12.37),
(185, 40, 80, 5, 4.32),
(186, 60, 80, 2, 5.42),
(187, 49, 80, 5, 14.3),
(188, 59, 81, 2, 23.09),
(189, 63, 81, 1, 2.99),
(190, 31, 81, 1, 22.47),
(191, 34, 81, 1, 5.72),
(192, 17, 82, 5, 2.92),
(193, 28, 83, 5, 22.27),
(194, 61, 83, 3, 11.81),
(195, 29, 83, 3, 15.87),
(196, 47, 84, 4, 14.42),
(197, 11, 84, 1, 23.93),
(198, 66, 84, 4, 17.86),
(199, 41, 84, 1, 12.28),
(200, 39, 85, 3, 21.15),
(201, 56, 86, 3, 15.75),
(202, 30, 86, 5, 13.65),
(203, 27, 86, 5, 20.25),
(204, 42, 87, 4, 22.08),
(205, 47, 87, 3, 14.42),
(206, 40, 88, 5, 4.32),
(207, 54, 88, 2, 16.52),
(208, 23, 88, 1, 6.75),
(209, 22, 89, 4, 3.06),
(210, 10, 89, 4, 7.18),
(211, 39, 89, 5, 21.15),
(212, 63, 89, 1, 2.99),
(213, 57, 90, 1, 17.3),
(214, 20, 90, 2, 7.72),
(215, 30, 91, 4, 13.65),
(216, 42, 91, 4, 22.08),
(217, 12, 92, 1, 22.16),
(218, 6, 93, 5, 21.45),
(219, 2, 94, 3, 12.67),
(220, 51, 95, 3, 20.76),
(221, 10, 95, 4, 7.18),
(222, 30, 95, 3, 13.65),
(223, 64, 96, 2, 18.88),
(224, 53, 96, 3, 5.78),
(225, 38, 97, 5, 14.77),
(226, 64, 97, 4, 18.88),
(227, 41, 97, 5, 12.28),
(228, 37, 98, 5, 3.17),
(229, 21, 98, 5, 6.9),
(230, 56, 98, 4, 15.75),
(231, 31, 98, 2, 22.47),
(232, 23, 99, 2, 6.75),
(233, 9, 99, 3, 15.54),
(234, 41, 100, 1, 12.28),
(235, 13, 101, 2, 23.06),
(236, 33, 102, 2, 16.45),
(237, 10, 102, 1, 7.18),
(238, 38, 102, 5, 14.77),
(239, 57, 103, 2, 17.3),
(240, 40, 104, 3, 4.32),
(241, 6, 104, 4, 21.45),
(242, 12, 104, 1, 22.16),
(243, 39, 104, 1, 21.15),
(244, 44, 105, 1, 9.81),
(245, 53, 105, 5, 5.78),
(246, 35, 106, 5, 18.26),
(247, 4, 106, 2, 21.42),
(248, 22, 106, 2, 3.06),
(249, 9, 106, 2, 15.54),
(250, 33, 107, 3, 16.45),
(251, 32, 107, 5, 5.42),
(252, 44, 107, 5, 9.81),
(253, 4, 108, 2, 21.42),
(254, 2, 109, 2, 12.67),
(255, 10, 109, 5, 7.18),
(256, 38, 109, 3, 14.77),
(257, 49, 109, 4, 14.3),
(258, 37, 110, 4, 3.17),
(259, 38, 110, 2, 14.77),
(260, 33, 110, 4, 16.45),
(261, 43, 111, 2, 2.13),
(262, 65, 111, 1, 14.43),
(263, 46, 111, 5, 5.97),
(264, 57, 111, 3, 17.3),
(265, 7, 112, 2, 23.75),
(266, 47, 112, 4, 14.42),
(267, 45, 112, 1, 5.19),
(268, 28, 113, 1, 22.27),
(269, 4, 113, 1, 21.42),
(270, 58, 114, 3, 2.93),
(271, 38, 114, 2, 14.77),
(272, 38, 115, 4, 14.77),
(273, 54, 116, 5, 16.52),
(274, 25, 116, 3, 22.59),
(275, 57, 116, 5, 17.3),
(276, 10, 117, 2, 7.18),
(277, 12, 118, 1, 22.16),
(278, 44, 118, 5, 9.81),
(279, 34, 118, 4, 5.72),
(280, 26, 118, 3, 23.13),
(281, 55, 119, 1, 9.19),
(282, 52, 119, 1, 22.02),
(283, 15, 119, 5, 5.98),
(284, 60, 120, 1, 5.42),
(285, 52, 121, 3, 22.02),
(286, 13, 122, 3, 23.06),
(287, 42, 122, 3, 22.08),
(288, 24, 122, 3, 16.42),
(289, 48, 122, 2, 7.57),
(290, 21, 123, 2, 6.9),
(291, 53, 123, 2, 5.78),
(292, 56, 123, 5, 15.75),
(293, 20, 123, 4, 7.72),
(294, 28, 124, 2, 22.27),
(295, 56, 124, 5, 15.75),
(296, 45, 124, 4, 5.19),
(297, 31, 125, 5, 22.47),
(298, 6, 125, 3, 21.45),
(299, 38, 125, 4, 14.77),
(300, 40, 126, 2, 4.32),
(301, 4, 126, 4, 21.42),
(302, 47, 127, 3, 14.42),
(303, 21, 127, 4, 6.9),
(304, 9, 128, 4, 15.54),
(305, 22, 128, 2, 3.06),
(306, 51, 129, 1, 20.76),
(307, 62, 130, 4, 10.78),
(308, 49, 130, 2, 14.3),
(309, 8, 130, 1, 4.49),
(310, 35, 131, 5, 18.26),
(311, 46, 131, 1, 5.97),
(312, 24, 131, 1, 16.42),
(313, 57, 132, 1, 17.3),
(314, 37, 132, 5, 3.17),
(315, 13, 132, 1, 23.06),
(316, 18, 133, 2, 15.26),
(317, 36, 133, 3, 10.88),
(318, 12, 133, 4, 22.16),
(319, 66, 133, 4, 17.86),
(320, 41, 134, 4, 12.28),
(321, 13, 134, 5, 23.06),
(322, 23, 134, 5, 6.75),
(323, 57, 135, 1, 17.3),
(324, 43, 135, 2, 2.13),
(325, 23, 135, 5, 6.75),
(326, 66, 135, 4, 17.86),
(327, 42, 136, 4, 22.08),
(328, 32, 137, 3, 5.42),
(329, 57, 138, 5, 17.3),
(330, 47, 139, 3, 14.42),
(331, 55, 139, 3, 9.19),
(332, 3, 140, 5, 12.37),
(333, 15, 141, 2, 5.98),
(334, 35, 141, 5, 18.26),
(335, 24, 141, 4, 16.42),
(336, 17, 141, 3, 2.92),
(337, 45, 142, 4, 5.19),
(338, 1, 142, 5, 10.97),
(339, 18, 143, 1, 15.26),
(340, 51, 143, 2, 20.76),
(341, 40, 143, 2, 4.32),
(342, 9, 144, 5, 15.54),
(343, 29, 144, 5, 15.87),
(344, 6, 144, 4, 21.45),
(345, 21, 145, 5, 6.9),
(346, 54, 145, 3, 16.52),
(347, 26, 145, 1, 23.13),
(348, 66, 145, 4, 17.86),
(349, 33, 146, 4, 16.45),
(350, 52, 146, 2, 22.02),
(351, 28, 147, 1, 22.27),
(352, 59, 147, 3, 23.09),
(353, 3, 148, 3, 12.37),
(354, 30, 148, 4, 13.65),
(355, 43, 148, 4, 2.13),
(356, 8, 149, 1, 4.49),
(357, 62, 149, 2, 10.78),
(358, 39, 149, 5, 21.15),
(359, 43, 149, 1, 2.13),
(360, 24, 150, 2, 16.42),
(361, 51, 150, 4, 20.76),
(362, 45, 150, 2, 5.19),
(363, 6, 151, 5, 21.45),
(364, 18, 151, 3, 15.26),
(365, 12, 151, 2, 22.16),
(366, 24, 151, 2, 16.42),
(367, 8, 152, 4, 4.49),
(368, 10, 152, 3, 7.18),
(369, 60, 152, 1, 5.42),
(370, 38, 152, 4, 14.77),
(371, 34, 153, 1, 5.72),
(372, 3, 154, 4, 12.37),
(373, 60, 154, 1, 5.42),
(374, 47, 155, 2, 14.42),
(375, 2, 155, 3, 12.67),
(376, 8, 155, 1, 4.49),
(377, 50, 155, 5, 2.68),
(378, 35, 156, 5, 18.26),
(379, 19, 156, 5, 6.48),
(380, 42, 156, 5, 22.08),
(381, 57, 156, 2, 17.3),
(382, 2, 157, 1, 12.67),
(383, 45, 158, 1, 5.19),
(384, 34, 159, 4, 5.72),
(385, 58, 159, 3, 2.93),
(386, 27, 159, 4, 20.25),
(387, 44, 160, 5, 9.81),
(388, 38, 160, 2, 14.77),
(389, 29, 161, 4, 15.87),
(390, 55, 161, 1, 9.19),
(391, 21, 161, 2, 6.9),
(392, 25, 161, 5, 22.59),
(393, 40, 162, 2, 4.32),
(394, 57, 163, 2, 17.3),
(395, 23, 163, 5, 6.75),
(396, 47, 164, 4, 14.42),
(397, 44, 164, 5, 9.81),
(398, 35, 165, 1, 18.26),
(399, 62, 165, 2, 10.78),
(400, 58, 165, 4, 2.93),
(401, 4, 166, 5, 21.42),
(402, 10, 167, 5, 7.18),
(403, 34, 167, 4, 5.72),
(404, 24, 167, 1, 16.42),
(405, 20, 168, 2, 7.72),
(406, 21, 168, 5, 6.9),
(407, 27, 168, 4, 20.25),
(408, 15, 169, 5, 5.98),
(409, 8, 169, 4, 4.49),
(410, 57, 170, 3, 17.3),
(411, 15, 170, 2, 5.98),
(412, 11, 170, 2, 23.93),
(413, 12, 171, 2, 22.16),
(414, 40, 172, 4, 4.32),
(415, 9, 172, 1, 15.54),
(416, 40, 173, 5, 4.32),
(417, 57, 173, 3, 17.3),
(418, 47, 174, 2, 14.42),
(419, 49, 174, 2, 14.3),
(420, 37, 174, 5, 3.17),
(421, 29, 174, 1, 15.87),
(422, 45, 175, 5, 5.19),
(423, 55, 175, 5, 9.19),
(424, 34, 175, 3, 5.72),
(425, 41, 175, 1, 12.28),
(426, 22, 176, 4, 3.06),
(427, 46, 176, 1, 5.97),
(428, 19, 177, 5, 6.48),
(429, 1, 177, 5, 10.97),
(430, 2, 178, 5, 12.67),
(431, 64, 178, 5, 18.88),
(432, 16, 178, 4, 20.8),
(433, 19, 178, 2, 6.48),
(434, 14, 179, 4, 4.38),
(435, 23, 179, 4, 6.75),
(436, 15, 180, 3, 5.98),
(437, 47, 180, 2, 14.42),
(438, 21, 181, 2, 6.9),
(439, 44, 181, 3, 9.81),
(440, 14, 182, 3, 4.38),
(441, 49, 182, 3, 14.3),
(442, 32, 182, 3, 5.42),
(443, 31, 183, 1, 22.47),
(444, 28, 183, 4, 22.27),
(445, 18, 184, 2, 15.26),
(446, 45, 184, 3, 5.19),
(447, 51, 184, 2, 20.76),
(448, 21, 185, 4, 6.9),
(449, 64, 185, 1, 18.88),
(450, 5, 186, 2, 15.63),
(451, 4, 186, 2, 21.42),
(452, 23, 186, 3, 6.75),
(453, 35, 187, 4, 18.26),
(454, 47, 187, 1, 14.42),
(455, 14, 188, 4, 4.38),
(456, 12, 189, 2, 22.16),
(457, 37, 190, 2, 3.17),
(458, 63, 190, 5, 2.99),
(459, 17, 191, 5, 2.92),
(460, 23, 192, 2, 6.75),
(461, 3, 192, 1, 12.37),
(462, 66, 193, 2, 17.86),
(463, 2, 193, 3, 12.67),
(464, 3, 194, 4, 12.37),
(465, 62, 195, 5, 10.78),
(466, 15, 195, 2, 5.98),
(467, 34, 196, 3, 5.72),
(468, 51, 196, 4, 20.76),
(469, 25, 196, 3, 22.59),
(470, 8, 196, 1, 4.49),
(471, 54, 197, 1, 16.52),
(472, 46, 198, 5, 5.97),
(473, 43, 199, 1, 2.13),
(474, 38, 199, 2, 14.77),
(475, 12, 199, 1, 22.16),
(476, 21, 200, 2, 6.9),
(477, 22, 200, 3, 3.06),
(478, 8, 201, 3, 4.49),
(479, 56, 201, 5, 15.75),
(480, 18, 201, 4, 15.26),
(481, 46, 201, 2, 5.97),
(482, 55, 202, 2, 9.19),
(483, 23, 202, 3, 6.75),
(484, 13, 203, 1, 23.06),
(485, 47, 203, 2, 14.42),
(486, 20, 204, 4, 7.72),
(487, 15, 204, 4, 5.98),
(488, 58, 204, 4, 2.93),
(489, 44, 204, 1, 9.81),
(490, 26, 205, 2, 23.13),
(491, 18, 205, 3, 15.26),
(492, 55, 205, 5, 9.19),
(493, 57, 206, 5, 17.3),
(494, 9, 206, 5, 15.54),
(495, 15, 207, 2, 5.98),
(496, 21, 207, 2, 6.9),
(497, 25, 207, 3, 22.59),
(498, 12, 207, 4, 22.16),
(499, 35, 208, 5, 18.26),
(500, 58, 208, 1, 2.93),
(501, 3, 208, 5, 12.37),
(502, 10, 208, 3, 7.18),
(503, 56, 209, 5, 15.75),
(504, 26, 210, 1, 23.13),
(505, 66, 210, 5, 17.86),
(506, 8, 211, 4, 4.49),
(507, 12, 211, 3, 22.16),
(508, 33, 211, 2, 16.45),
(509, 7, 211, 1, 23.75),
(510, 63, 212, 1, 2.99),
(511, 26, 212, 5, 23.13),
(512, 64, 212, 4, 18.88),
(513, 14, 212, 2, 4.38),
(514, 37, 213, 4, 3.17),
(515, 57, 213, 1, 17.3),
(516, 36, 213, 2, 10.88),
(517, 52, 213, 3, 22.02),
(518, 19, 214, 4, 6.48),
(519, 18, 214, 2, 15.26),
(520, 13, 215, 4, 23.06),
(521, 46, 216, 3, 5.97),
(522, 2, 216, 1, 12.67),
(523, 35, 217, 1, 18.26),
(524, 33, 217, 1, 16.45),
(525, 49, 217, 5, 14.3),
(526, 9, 217, 4, 15.54),
(527, 35, 218, 2, 18.26),
(528, 34, 218, 2, 5.72),
(529, 26, 218, 3, 23.13),
(530, 27, 219, 3, 20.25),
(531, 22, 219, 4, 3.06),
(532, 42, 219, 5, 22.08),
(533, 16, 219, 2, 20.8),
(534, 22, 220, 1, 3.06),
(535, 66, 220, 3, 17.86),
(536, 49, 220, 3, 14.3),
(537, 19, 221, 2, 6.48),
(538, 60, 222, 4, 5.42),
(539, 49, 222, 5, 14.3),
(540, 45, 222, 1, 5.19),
(541, 34, 223, 5, 5.72),
(542, 16, 224, 2, 20.8),
(543, 52, 224, 1, 22.02),
(544, 2, 224, 5, 12.67),
(545, 26, 224, 5, 23.13),
(546, 57, 225, 1, 17.3),
(547, 5, 226, 1, 15.63),
(548, 57, 226, 5, 17.3),
(549, 60, 227, 5, 5.42),
(550, 39, 227, 2, 21.15),
(551, 28, 227, 5, 22.27),
(552, 18, 227, 2, 15.26),
(553, 27, 228, 1, 20.25),
(554, 45, 228, 4, 5.19),
(555, 46, 228, 2, 5.97),
(556, 11, 228, 1, 23.93),
(557, 35, 229, 5, 18.26),
(558, 53, 229, 5, 5.78),
(559, 65, 229, 1, 14.43),
(560, 31, 229, 1, 22.47),
(561, 56, 230, 5, 15.75),
(562, 62, 230, 4, 10.78),
(563, 7, 230, 4, 23.75),
(564, 4, 230, 2, 21.42),
(565, 15, 231, 5, 5.98),
(566, 38, 231, 3, 14.77),
(567, 62, 231, 2, 10.78),
(568, 29, 232, 5, 15.87),
(569, 25, 232, 2, 22.59),
(570, 26, 233, 1, 23.13),
(571, 61, 233, 4, 11.81),
(572, 32, 233, 5, 5.42),
(573, 50, 234, 5, 2.68),
(574, 61, 234, 4, 11.81),
(575, 53, 235, 3, 5.78),
(576, 26, 235, 4, 23.13),
(577, 57, 236, 1, 17.3),
(578, 55, 236, 5, 9.19),
(579, 10, 237, 5, 7.18),
(580, 15, 238, 4, 5.98),
(581, 38, 238, 1, 14.77),
(582, 24, 239, 4, 16.42),
(583, 48, 239, 2, 7.57),
(584, 37, 239, 1, 3.17),
(585, 43, 240, 2, 2.13),
(586, 62, 241, 4, 10.78),
(587, 50, 241, 4, 2.68),
(588, 5, 241, 1, 15.63),
(589, 15, 241, 4, 5.98),
(590, 36, 242, 1, 10.88),
(591, 61, 243, 3, 11.81),
(592, 46, 243, 3, 5.97),
(593, 2, 243, 3, 12.67),
(594, 16, 243, 3, 20.8),
(595, 37, 244, 2, 3.17),
(596, 6, 244, 2, 21.45),
(597, 20, 245, 5, 7.72),
(598, 42, 245, 5, 22.08),
(599, 15, 245, 3, 5.98),
(600, 34, 246, 4, 5.72),
(601, 45, 246, 2, 5.19),
(602, 24, 246, 2, 16.42),
(603, 4, 246, 2, 21.42),
(604, 28, 247, 1, 22.27),
(605, 59, 247, 2, 23.09),
(606, 32, 247, 1, 5.42),
(607, 19, 247, 2, 6.48),
(608, 18, 248, 3, 15.26),
(609, 50, 248, 2, 2.68),
(610, 15, 249, 4, 5.98),
(611, 32, 249, 4, 5.42),
(612, 60, 249, 4, 5.42),
(613, 5, 249, 3, 15.63),
(614, 23, 250, 1, 6.75),
(615, 4, 250, 3, 21.42),
(616, 19, 250, 1, 6.48),
(617, 2, 250, 5, 12.67),
(618, 8, 251, 5, 4.49),
(619, 46, 251, 3, 5.97),
(620, 31, 252, 5, 22.47),
(621, 4, 253, 2, 21.42),
(622, 66, 253, 1, 17.86),
(623, 23, 253, 3, 6.75),
(624, 27, 254, 2, 20.25),
(625, 18, 255, 3, 15.26),
(626, 13, 255, 4, 23.06),
(627, 63, 255, 2, 2.99),
(628, 59, 255, 1, 23.09),
(629, 41, 256, 1, 12.28),
(630, 14, 257, 3, 4.38),
(631, 12, 257, 3, 22.16),
(632, 29, 257, 5, 15.87),
(633, 32, 257, 2, 5.42),
(634, 42, 258, 1, 22.08),
(635, 24, 258, 5, 16.42),
(636, 26, 258, 2, 23.13),
(637, 35, 259, 1, 18.26),
(638, 58, 259, 4, 2.93),
(639, 13, 259, 4, 23.06),
(640, 22, 260, 5, 3.06),
(641, 33, 260, 3, 16.45),
(642, 7, 261, 1, 23.75),
(643, 43, 262, 4, 2.13),
(644, 49, 262, 5, 14.3),
(645, 61, 263, 2, 11.81),
(646, 13, 263, 2, 23.06),
(647, 3, 263, 4, 12.37),
(648, 24, 263, 5, 16.42),
(649, 12, 264, 1, 22.16),
(650, 4, 264, 2, 21.42),
(651, 51, 265, 3, 20.76),
(652, 25, 265, 4, 22.59),
(653, 28, 265, 1, 22.27),
(654, 28, 266, 5, 22.27),
(655, 4, 266, 2, 21.42),
(656, 49, 267, 5, 14.3),
(657, 25, 267, 5, 22.59),
(658, 51, 267, 2, 20.76),
(659, 5, 267, 4, 15.63),
(660, 6, 268, 2, 21.45),
(661, 44, 268, 4, 9.81),
(662, 8, 269, 3, 4.49),
(663, 46, 269, 2, 5.97),
(664, 34, 269, 3, 5.72),
(665, 39, 269, 5, 21.15),
(666, 31, 270, 3, 22.47),
(667, 51, 270, 4, 20.76),
(668, 26, 271, 2, 23.13),
(669, 55, 271, 5, 9.19),
(670, 52, 272, 4, 22.02),
(671, 42, 272, 1, 22.08),
(672, 54, 272, 2, 16.52),
(673, 28, 272, 4, 22.27),
(674, 49, 273, 1, 14.3),
(675, 6, 274, 2, 21.45),
(676, 34, 274, 5, 5.72),
(677, 39, 274, 5, 21.15),
(678, 34, 275, 2, 5.72),
(679, 46, 275, 4, 5.97),
(680, 29, 276, 3, 15.87),
(681, 31, 276, 3, 22.47),
(682, 57, 277, 3, 17.3),
(683, 37, 277, 1, 3.17),
(684, 32, 277, 2, 5.42),
(685, 53, 277, 5, 5.78),
(686, 33, 278, 4, 16.45),
(687, 46, 278, 4, 5.97),
(688, 40, 278, 1, 4.32),
(689, 48, 278, 5, 7.57),
(690, 57, 279, 4, 17.3),
(691, 60, 279, 3, 5.42),
(692, 3, 279, 4, 12.37),
(693, 26, 279, 2, 23.13),
(694, 14, 280, 2, 4.38),
(695, 60, 280, 1, 5.42),
(696, 16, 280, 3, 20.8),
(697, 43, 281, 3, 2.13),
(698, 58, 281, 4, 2.93),
(699, 15, 282, 2, 5.98),
(700, 10, 283, 2, 7.18),
(701, 39, 283, 2, 21.15),
(702, 60, 283, 4, 5.42),
(703, 55, 283, 5, 9.19),
(704, 5, 284, 4, 15.63),
(705, 20, 285, 4, 7.72),
(706, 36, 285, 4, 10.88),
(707, 21, 285, 4, 6.9),
(708, 64, 286, 3, 18.88),
(709, 42, 286, 3, 22.08),
(710, 5, 286, 2, 15.63),
(711, 6, 286, 5, 21.45),
(712, 5, 287, 5, 15.63),
(713, 1, 287, 1, 10.97),
(714, 14, 287, 3, 4.38),
(715, 63, 287, 2, 2.99),
(716, 6, 288, 5, 21.45),
(717, 25, 289, 5, 22.59),
(718, 22, 289, 3, 3.06),
(719, 18, 289, 3, 15.26),
(720, 54, 289, 3, 16.52),
(721, 58, 290, 5, 2.93),
(722, 30, 290, 3, 13.65),
(723, 45, 291, 3, 5.19),
(724, 47, 292, 3, 14.42),
(725, 46, 293, 2, 5.97),
(726, 62, 293, 3, 10.78),
(727, 34, 293, 1, 5.72),
(728, 51, 293, 2, 20.76),
(729, 31, 294, 4, 22.47),
(730, 3, 295, 3, 12.37),
(731, 10, 295, 5, 7.18),
(732, 39, 295, 1, 21.15),
(733, 33, 296, 1, 16.45),
(734, 18, 296, 4, 15.26),
(735, 31, 297, 4, 22.47),
(736, 54, 297, 4, 16.52),
(737, 1, 298, 1, 10.97),
(738, 57, 298, 2, 17.3),
(739, 64, 299, 1, 18.88),
(740, 21, 299, 3, 6.9),
(741, 4, 300, 3, 21.42),
(742, 14, 300, 1, 4.38),
(743, 23, 301, 5, 6.75),
(744, 17, 301, 5, 2.92),
(745, 51, 301, 2, 20.76),
(746, 18, 301, 2, 15.26),
(747, 60, 302, 2, 5.42),
(748, 2, 303, 1, 12.67),
(749, 12, 303, 4, 22.16),
(750, 56, 304, 4, 15.75),
(751, 37, 304, 5, 3.17),
(752, 24, 304, 3, 16.42),
(753, 55, 304, 3, 9.19),
(754, 25, 305, 1, 22.59),
(755, 3, 305, 4, 12.37),
(756, 35, 305, 5, 18.26),
(757, 47, 306, 5, 14.42),
(758, 13, 306, 4, 23.06),
(759, 14, 307, 3, 4.38),
(760, 17, 307, 4, 2.92),
(761, 57, 307, 5, 17.3),
(762, 31, 308, 1, 22.47),
(763, 60, 308, 5, 5.42),
(764, 18, 308, 5, 15.26),
(765, 28, 309, 4, 22.27),
(766, 36, 309, 4, 10.88),
(767, 23, 310, 1, 6.75),
(768, 1, 310, 5, 10.97),
(769, 65, 310, 5, 14.43),
(770, 58, 310, 5, 2.93),
(771, 1, 311, 3, 10.97),
(772, 44, 311, 5, 9.81),
(773, 53, 311, 3, 5.78),
(774, 34, 312, 2, 5.72),
(775, 20, 312, 1, 7.72),
(776, 22, 313, 1, 3.06),
(777, 39, 313, 5, 21.15),
(778, 49, 314, 1, 14.3),
(779, 64, 314, 5, 18.88),
(780, 56, 315, 2, 15.75),
(781, 34, 315, 5, 5.72),
(782, 24, 316, 4, 16.42),
(783, 47, 316, 5, 14.42),
(784, 33, 317, 5, 16.45),
(785, 45, 317, 2, 5.19),
(786, 46, 318, 1, 5.97),
(787, 7, 318, 1, 23.75),
(788, 16, 319, 2, 20.8),
(789, 2, 319, 5, 12.67),
(790, 33, 319, 1, 16.45),
(791, 52, 320, 4, 22.02),
(792, 9, 320, 4, 15.54),
(793, 64, 321, 4, 18.88),
(794, 22, 321, 5, 3.06),
(795, 50, 321, 1, 2.68),
(796, 12, 321, 3, 22.16),
(797, 1, 322, 3, 10.97),
(798, 48, 322, 4, 7.57),
(799, 12, 322, 3, 22.16),
(800, 46, 323, 5, 5.97),
(801, 57, 323, 1, 17.3),
(802, 56, 324, 3, 15.75),
(803, 45, 324, 1, 5.19),
(804, 9, 324, 4, 15.54),
(805, 62, 324, 1, 10.78);

-- --------------------------------------------------------

--
-- Estrutura da tabela `product`
--

CREATE TABLE `product` (
  `id` int NOT NULL,
  `supplier_id` int DEFAULT NULL,
  `name` varchar(255) CHARACTER SET utf8mb4 COLLATE utf8mb4_unicode_ci NOT NULL,
  `price` double NOT NULL,
  `has_ingredients` tinyint(1) DEFAULT NULL,
  `description` varchar(1000) CHARACTER SET utf8mb4 COLLATE utf8mb4_unicode_ci DEFAULT NULL,
  `link_image` varchar(255) CHARACTER SET utf8mb4 COLLATE utf8mb4_unicode_ci NOT NULL
) ENGINE=InnoDB DEFAULT CHARSET=utf8mb4 COLLATE=utf8mb4_unicode_ci;

--
-- Extraindo dados da tabela `product`
--

INSERT INTO `product` (`id`, `supplier_id`, `name`, `price`, `has_ingredients`, `description`, `link_image`) VALUES
(1, NULL, 'Chicken Salad', 10, 1, 'A healthy chicken salad with fresh vegetables.', 'https://www.allrecipes.com/thmb/aPy_MqN4GgyO27vh98ns1pXaIWg=/1500x0/filters:no_upscale():max_bytes(150000):strip_icc()/8499-Best-Chicken-Salad-DDMFS-3X4-11915-d36a5b98b1e041b3b48b62ecdfa6029e.jpg'),
(2, NULL, 'Beef Burger', 15, 1, 'A juicy beef burger with cheese and lettuce.', 'https://images.unsplash.com/photo-1568901346375-23c9450c58cd?q=80&w=1899&auto=format&fit=crop&ixlib=rb-4.1.0&ixid=M3wxMjA3fDB8MHxwaG90by1wYWdlfHx8fGVufDB8fHx8fA%3D%3D'),
(3, 2, 'Coca-Cola', 5, 0, 'A refreshing Coca-Cola beverage.', 'https://gostobastante.pt/wp-content/uploads/2023/03/Prancheta-1.png'),
(4, NULL, 'French Fries', 7, 1, 'Crispy golden french fries.', 'https://plus.unsplash.com/premium_photo-1672774750509-bc9ff226f3e8?q=80&w=987&auto=format&fit=crop&ixlib=rb-4.1.0&ixid=M3wxMjA3fDB8MHxwaG90by1wYWdlfHx8fGVufDB8fHx8fA%3D%3D'),
(5, NULL, 'Caesar Salad', 12, 1, 'A classic Caesar salad with romaine lettuce and croutons.', 'https://images.unsplash.com/photo-1725030660031-585ea459d55f?q=80&w=987&auto=format&fit=crop&ixlib=rb-4.1.0&ixid=M3wxMjA3fDB8MHxwaG90by1wYWdlfHx8fGVufDB8fHx8fA%3D%3D'),
(6, 4, 'Pepsi', 4.5, 0, 'Refreshing cola drink.', 'https://images.unsplash.com/photo-1553456558-aff63285bdd1?q=80&w=987&auto=format&fit=crop&ixlib=rb-4.1.0&ixid=M3wxMjA3fDB8MHxwaG90by1wYWdlfHx8fGVufDB8fHx8fA%3D%3D'),
(7, NULL, 'Cheese Pizza', 18, 1, 'Delicious cheese pizza with tomato sauce.', 'https://images.unsplash.com/photo-1712652080841-9e480a2c43ec?q=80&w=987&auto=format&fit=crop&ixlib=rb-4.1.0&ixid=M3wxMjA3fDB8MHxwaG90by1wYWdlfHx8fGVufDB8fHx8fA%3D%3D'),
(8, NULL, 'Grilled Chicken Sandwich', 13, 1, 'Sandwich with grilled chicken and fresh vegetables.', 'https://images.unsplash.com/photo-1757961048411-73703e333d25?q=80&w=987&auto=format&fit=crop&ixlib=rb-4.1.0&ixid=M3wxMjA3fDB8MHxwaG90by1wYWdlfHx8fGVufDB8fHx8fA%3D%3D'),
(9, 7, 'Orange Juice', 6, 0, 'Freshly squeezed orange juice.', 'https://plus.unsplash.com/premium_photo-1667543228378-ec4478ab2845?q=80&w=2072&auto=format&fit=crop&ixlib=rb-4.1.0&ixid=M3wxMjA3fDB8MHxwaG90by1wYWdlfHx8fGVufDB8fHx8fA%3D%3D'),
(10, 6, 'Chocolate Cake', 8, 0, 'Rich and moist chocolate cake.', 'https://plus.unsplash.com/premium_photo-1715015440855-7d95cf92608a?q=80&w=988&auto=format&fit=crop&ixlib=rb-4.1.0&ixid=M3wxMjA3fDB8MHxwaG90by1wYWdlfHx8fGVufDB8fHx8fA%3D%3D'),
(11, NULL, 'Vegetable Soup', 9, 1, 'Hearty soup with fresh vegetables.', 'https://images.unsplash.com/photo-1665594051407-7385d281ad76?q=80&w=986&auto=format&fit=crop&ixlib=rb-4.1.0&ixid=M3wxMjA3fDB8MHxwaG90by1wYWdlfHx8fGVufDB8fHx8fA%3D%3D'),
(12, 7, 'Ice Cream', 6.5, 0, 'Creamy vanilla ice cream.', 'https://plus.unsplash.com/premium_photo-1690440686714-c06a56a1511c?q=80&w=1364&auto=format&fit=crop&ixlib=rb-4.1.0&ixid=M3wxMjA3fDB8MHxwaG90by1wYWdlfHx8fGVufDB8fHx8fA%3D%3D'),
(13, NULL, 'Fish and Chips', 16, 1, 'Crispy fish with french fries.', 'https://plus.unsplash.com/premium_photo-1694108747175-889fdc786003?q=80&w=987&auto-format&fit=crop&ixlib=rb-4.1.0&ixid=M3wxMjA3fDB8MHxwaG90by1wYWdlfHx8fGVufDB8fHx8fA%3D%3D'),
(14, 4, 'Mineral Water', 3, 0, 'Pure natural mineral water.', 'https://images.unsplash.com/photo-1638688569176-5b6db19f9d2a?q=80&w=987&auto=format&fit=crop&ixlib=rb-4.1.0&ixid=M3wxMjA3fDB8MHxwaG90by1wYWdlfHx8fGVufDB8fHx8fA%3D%3D'),
(15, 3, 'Fruit Salad', 7.5, 0, 'Fresh mix of seasonal fruits.', 'https://plus.unsplash.com/premium_photo-1664478279991-832059d65835?q=80&w=1480&auto=format&fit=crop&ixlib=rb-4.1.0&ixid=M3wxMjA3fDB8MHxwaG90by1wYWdlfHx8fGVufDB8fHx8fA%3D%3D'),
(16, NULL, 'Placeholder Product', 0, 0, 'Auto-generated to fix foreign key', ''),
(17, 2, 'Sprite', 4.5, 0, 'Refreshing lemon-lime soda.', 'https://images.unsplash.com/photo-1600891964092-4316c288032e'),
(18, 4, 'Red Wine', 25, 0, 'Bottle of dry red wine.', 'https://images.unsplash.com/photo-1510626176961-4b57d4fbad03'),
(19, 7, 'Yogurt', 3.5, 0, 'Natural creamy yogurt.', 'https://images.unsplash.com/photo-1587301562331-1b7e81f87d1d'),
(20, 6, 'Croissant', 2.5, 0, 'Buttery French croissant.', 'https://images.unsplash.com/photo-1523983303491-aca2be16f4d4'),
(21, 3, 'Apple Juice', 5, 0, 'Fresh apple juice.', 'https://images.unsplash.com/photo-1577801592883-9a6b8e0f0b37'),
(22, 5, 'Beef Jerky', 6, 0, 'Dried seasoned beef snack.', 'https://images.unsplash.com/photo-1627308595229-7830a5c91f9f'),
(23, 6, 'Bagel', 3, 0, 'Toasted plain bagel.', 'https://images.unsplash.com/photo-1542831371-d531d36971e6'),
(24, 7, 'Cheddar Cheese', 4, 0, 'Aged cheddar cheese.', 'https://images.unsplash.com/photo-1606787366850-de6330128bfc'),
(25, 2, 'Energy Drink', 6, 0, 'Boost of energy.', 'https://images.unsplash.com/photo-1510626176961-4b57d4fbad03'),
(26, 1, 'Green Tea', 3, 0, 'Soothing hot green tea.', 'https://images.unsplash.com/photo-1509043759401-136742328bb3'),
(27, 7, 'Butter', 2, 0, 'Creamy dairy butter.', 'https://images.unsplash.com/photo-1627308595229-7830a5c91f9f'),
(28, 6, 'Donut', 2.5, 0, 'Sweet glazed donut.', 'https://images.unsplash.com/photo-1515442261605-cd4ce27ec1cd'),
(29, 7, 'Strawberry Milk', 4, 0, 'Flavored strawberry milk.', 'https://images.unsplash.com/photo-1509043759401-136742328bb3'),
(30, 3, 'Banana', 1.2, 0, 'Fresh ripe banana.', 'https://images.unsplash.com/photo-1574226516831-e1dff420e12e'),
(31, 3, 'Apple', 1.5, 0, 'Crisp red apple.', 'https://images.unsplash.com/photo-1567306226416-28f0efdc88ce'),
(32, 3, 'Grapes', 2.8, 0, 'Sweet seedless grapes.', 'https://images.unsplash.com/photo-1567306226416-28f0efdc88ce'),
(33, 6, 'Muffin', 3, 0, 'Blueberry muffin.', 'https://images.unsplash.com/photo-1576618148400-f54bedc6a83b'),
(34, 5, 'Ham Slice', 2.5, 0, 'Cooked ham slice.', 'https://images.unsplash.com/photo-1617196034897-89fbb0da41da'),
(35, 7, 'Butter Milk', 3.5, 0, 'Fermented buttermilk.', 'https://images.unsplash.com/photo-1627308595229-7830a5c91f9f'),
(36, 4, 'Sparkling Water', 2, 0, 'Carbonated mineral water.', 'https://images.unsplash.com/photo-1638688569176-5b6db19f9d2a'),
(37, 6, 'Baguette', 2.8, 0, 'Fresh French baguette.', 'https://images.unsplash.com/photo-1523983303491-aca2be16f4d4'),
(38, 2, 'Iced Tea', 3, 0, 'Chilled lemon iced tea.', 'https://images.unsplash.com/photo-1509043759401-136742328bb3'),
(39, 6, 'Chocolate Croissant', 3.5, 0, 'Flaky pastry with chocolate.', 'https://images.unsplash.com/photo-1523983303491-aca2be16f4d4'),
(40, 3, 'Pear', 1.6, 0, 'Juicy green pear.', 'https://images.unsplash.com/photo-1577801592883-9a6b8e0f0b37'),
(41, 5, 'Sausage', 3.5, 0, 'Smoked pork sausage.', 'https://images.unsplash.com/photo-1617196034897-89fbb0da41da'),
(42, NULL, 'Spaghetti Bolognese', 14, 1, 'Classic Italian pasta with rich meat sauce.', 'https://images.unsplash.com/photo-1589301760014-d929f3979dbc'),
(43, NULL, 'Veggie Burger', 12, 1, 'Vegetarian burger with fresh veggies.', 'https://images.unsplash.com/photo-1550547660-d9450f859349'),
(44, NULL, 'Chicken Wrap', 11, 1, 'Grilled chicken wrap with salad.', 'https://images.unsplash.com/photo-1604909052990-9f1e1fbc5f65'),
(45, NULL, 'Margherita Pizza', 17, 1, 'Tomato, mozzarella, basil.', 'https://images.unsplash.com/photo-1601924638867-3ec9f3c67a26'),
(46, NULL, 'Pancakes', 9, 1, 'Fluffy pancakes with syrup.', 'https://images.unsplash.com/photo-1587731506415-1d1cb2ec5c25'),
(47, NULL, 'Beef Stroganoff', 18, 1, 'Russian style creamy beef.', 'https://images.unsplash.com/photo-1617196034897-89fbb0da41da'),
(48, NULL, 'Lasagna', 19, 1, 'Layered pasta with cheese.', 'https://images.unsplash.com/photo-1617196034897-89fbb0da41da'),
(49, NULL, 'Greek Salad', 10, 1, 'Fresh salad with feta and olives.', 'https://images.unsplash.com/photo-1606787366850-de6330128bfc'),
(50, NULL, 'Chicken Alfredo Pasta', 15, 1, 'Pasta with creamy Alfredo sauce.', 'https://images.unsplash.com/photo-1589301760014-d929f3979dbc'),
(51, NULL, 'BBQ Ribs', 22, 1, 'Smoky barbecue ribs.', 'https://images.unsplash.com/photo-1627308595229-7830a5c91f9f'),
(52, NULL, 'Tuna Sandwich', 9, 1, 'Sandwich with tuna and mayo.', 'https://images.unsplash.com/photo-1604909052990-9f1e1fbc5f65'),
(53, NULL, 'Vegetable Stir Fry', 12, 1, 'Mixed veggies stir-fried.', 'https://images.unsplash.com/photo-1577801592883-9a6b8e0f0b37'),
(54, NULL, 'Beef Tacos', 13, 1, 'Mexican beef tacos.', 'https://images.unsplash.com/photo-1617196034897-89fbb0da41da'),
(55, NULL, 'Chicken Curry', 16, 1, 'Indian chicken curry.', 'https://images.unsplash.com/photo-1617196034897-89fbb0da41da'),
(56, NULL, 'Shrimp Fried Rice', 14, 1, 'Fried rice with shrimp.', 'https://images.unsplash.com/photo-1589301760014-d929f3979dbc'),
(57, NULL, 'Miso Soup', 8, 1, 'Traditional Japanese miso soup.', 'https://images.unsplash.com/photo-1665594051407-7385d281ad76'),
(58, NULL, 'Chicken Noodles', 13, 1, 'Stir-fried noodles with chicken.', 'https://images.unsplash.com/photo-1589301760014-d929f3979dbc'),
(59, NULL, 'Sushi Roll', 15, 1, 'Rice roll with fish and veggies.', 'https://images.unsplash.com/photo-1606787366850-de6330128bfc'),
(60, NULL, 'Falafel Wrap', 11, 1, 'Middle Eastern falafel wrap.', 'https://images.unsplash.com/photo-1550547660-d9450f859349'),
(61, NULL, 'Clam Chowder', 14, 1, 'Creamy clam soup.', 'https://images.unsplash.com/photo-1665594051407-7385d281ad76'),
(62, NULL, 'Pad Thai', 16, 1, 'Thai-style fried noodles.', 'https://images.unsplash.com/photo-1589301760014-d929f3979dbc'),
(63, NULL, 'Roast Chicken', 20, 1, 'Whole roasted chicken.', 'https://images.unsplash.com/photo-1617196034897-89fbb0da41da'),
(64, NULL, 'Fish Curry', 17, 1, 'Spicy fish curry.', 'https://images.unsplash.com/photo-1617196034897-89fbb0da41da'),
(65, NULL, 'Vegetable Soup Deluxe', 11, 1, 'Hearty vegetable soup.', 'https://images.unsplash.com/photo-1665594051407-7385d281ad76'),
(66, NULL, 'Club Sandwich', 12, 1, 'Triple decker sandwich.', 'https://images.unsplash.com/photo-1604909052990-9f1e1fbc5f65');

-- --------------------------------------------------------

--
-- Estrutura da tabela `stock`
--

CREATE TABLE `stock` (
  `id` int NOT NULL,
  `supplier_id` int DEFAULT NULL,
  `product_id` int DEFAULT NULL,
  `name` varchar(255) CHARACTER SET utf8mb4 COLLATE utf8mb4_unicode_ci NOT NULL,
  `quantity` double NOT NULL,
  `unit` varchar(50) CHARACTER SET utf8mb4 COLLATE utf8mb4_unicode_ci NOT NULL
) ENGINE=InnoDB DEFAULT CHARSET=utf8mb4 COLLATE=utf8mb4_unicode_ci;

--
-- Extraindo dados da tabela `stock`
--

INSERT INTO `stock` (`id`, `supplier_id`, `product_id`, `name`, `quantity`, `unit`) VALUES
(1, 1, NULL, 'Salt', 0, 'grams'),
(2, 1, NULL, 'Pepper', 934, 'grams'),
(3, 3, NULL, 'Lettuce', 2800, 'grams'),
(4, 3, NULL, 'Tomato', 1900, 'grams'),
(5, 2, 3, 'Coca-Cola', 19, 'units'),
(6, 4, 6, 'Pepsi', 80, 'units'),
(7, 7, 9, 'Orange Juice', 50, 'units'),
(8, 7, NULL, 'Cheese Slices', 199, 'units'),
(9, 3, NULL, 'Potatoes', 10000, 'grams'),
(10, 1, NULL, 'Cooking Oil', 5000, 'ml'),
(11, 5, NULL, 'Chicken Breast', 5360, 'grams'),
(12, 6, NULL, 'Croutons', 2000, 'grams'),
(13, 1, NULL, 'Caesar Dressing', 3000, 'ml'),
(14, 6, NULL, 'Pizza Dough', 100, 'units'),
(15, 7, NULL, 'Mozzarella Cheese', 5000, 'grams'),
(16, 1, NULL, 'Tomato Sauce', 4000, 'ml'),
(17, 6, NULL, 'Bread', 200, 'units'),
(18, 6, 10, 'Chocolate Cake', 30, 'units'),
(19, 7, 12, 'Ice Cream', 40, 'units'),
(20, 4, 14, 'Mineral Water', 120, 'units'),
(21, 5, 2, 'Beef Patty', 4850, 'grams'),
(23, 4, 17, 'Sprite', 100, 'units'),
(24, 4, 18, 'Red Wine Bottle', 50, 'units'),
(25, 7, 19, 'Yogurt Cup', 200, 'units'),
(26, 6, 20, 'Croissant', 150, 'units'),
(27, 3, 21, 'Apple Juice Bottle', 80, 'units'),
(28, 5, 22, 'Beef Jerky Pack', 60, 'units'),
(29, 6, 23, 'Bagel', 120, 'units'),
(30, 7, 24, 'Cheddar Cheese Block', 90, 'units'),
(31, 2, 25, 'Energy Drink Can', 100, 'units'),
(32, 1, 26, 'Green Tea Pack', 70, 'units'),
(33, 7, 27, 'Butter Pack', 80, 'units'),
(34, 6, 28, 'Donut', 100, 'units'),
(35, 7, 29, 'Strawberry Milk Bottle', 60, 'units'),
(36, 3, 30, 'Banana', 300, 'units'),
(37, 3, 31, 'Apple', 300, 'units'),
(38, 3, 32, 'Grapes', 250, 'grams'),
(39, 6, 33, 'Muffin', 120, 'units'),
(40, 5, 34, 'Ham Slice', 200, 'units'),
(41, 7, 35, 'Butter Milk Bottle', 90, 'units'),
(42, 4, 36, 'Sparkling Water Bottle', 100, 'units'),
(43, 6, 37, 'Baguette', 150, 'units'),
(44, 2, 38, 'Iced Tea Bottle', 120, 'units'),
(45, 6, 39, 'Chocolate Croissant', 140, 'units'),
(46, 3, 40, 'Pear', 200, 'units'),
(47, 5, 41, 'Sausage', 300, 'units'),
(48, 6, NULL, 'Spaghetti', 5000, 'grams'),
(49, 5, NULL, 'Ground Beef', 4000, 'grams'),
(50, 3, NULL, 'Onion', 2000, 'grams'),
(51, 3, NULL, 'Carrot', 1500, 'grams'),
(52, 6, NULL, 'Veggie Patty', 2000, 'grams'),
(53, 3, NULL, 'Cucumber', 1200, 'grams'),
(54, 5, NULL, 'Grilled Chicken', 3000, 'grams'),
(55, 6, NULL, 'Tortilla Wrap', 300, 'units'),
(56, 7, NULL, 'Mozzarella', 2000, 'grams'),
(57, 1, NULL, 'Basil', 300, 'grams'),
(58, 6, NULL, 'Flour', 7000, 'grams'),
(59, 7, NULL, 'Milk', 4000, 'ml'),
(60, 7, NULL, 'Eggs', 800, 'units'),
(61, 5, NULL, 'Beef Strips', 2500, 'grams'),
(62, 6, NULL, 'Lasagna Pasta', 1500, 'grams'),
(63, 7, NULL, 'Feta Cheese', 1200, 'grams'),
(64, 3, NULL, 'Olives', 800, 'grams'),
(65, 6, NULL, 'Pasta', 2000, 'grams'),
(66, 1, NULL, 'Alfredo Sauce', 1500, 'ml'),
(67, 5, NULL, 'Ribs', 2000, 'grams'),
(68, 2, NULL, 'BBQ Sauce', 1000, 'ml'),
(69, 5, NULL, 'Tuna', 1000, 'grams'),
(70, 1, NULL, 'Mayonnaise', 800, 'ml'),
(71, 3, NULL, 'Mixed Vegetables', 3000, 'grams'),
(72, 5, NULL, 'Minced Beef', 2500, 'grams'),
(73, 3, NULL, 'Cabbage', 1500, 'grams'),
(74, 5, NULL, 'Shrimp', 1200, 'grams'),
(75, 6, NULL, 'Rice', 4000, 'grams'),
(76, 1, NULL, 'Miso Paste', 1000, 'grams'),
(77, 7, NULL, 'Tofu', 800, 'grams'),
(78, 6, NULL, 'Noodles', 3000, 'grams'),
(79, 5, NULL, 'Fish Fillet', 1800, 'grams'),
(80, 3, NULL, 'Lettuce', 2000, 'grams');

-- --------------------------------------------------------

--
-- Estrutura da tabela `supplier`
--

CREATE TABLE `supplier` (
  `id` int NOT NULL,
  `name` varchar(255) CHARACTER SET utf8mb4 COLLATE utf8mb4_unicode_ci NOT NULL,
  `fone` varchar(20) CHARACTER SET utf8mb4 COLLATE utf8mb4_unicode_ci DEFAULT NULL,
  `cel` varchar(20) CHARACTER SET utf8mb4 COLLATE utf8mb4_unicode_ci DEFAULT NULL,
  `email` varchar(255) CHARACTER SET utf8mb4 COLLATE utf8mb4_unicode_ci DEFAULT NULL,
  `address` varchar(500) CHARACTER SET utf8mb4 COLLATE utf8mb4_unicode_ci DEFAULT NULL,
  `nif` varchar(50) CHARACTER SET utf8mb4 COLLATE utf8mb4_unicode_ci DEFAULT NULL,
  `url_api` varchar(500) CHARACTER SET utf8mb4 COLLATE utf8mb4_unicode_ci DEFAULT NULL,
  `token` varchar(500) CHARACTER SET utf8mb4 COLLATE utf8mb4_unicode_ci DEFAULT NULL,
  `request_type` varchar(10) CHARACTER SET utf8mb4 COLLATE utf8mb4_unicode_ci DEFAULT NULL
) ENGINE=InnoDB DEFAULT CHARSET=utf8mb4 COLLATE=utf8mb4_unicode_ci;

--
-- Extraindo dados da tabela `supplier`
--

INSERT INTO `supplier` (`id`, `name`, `fone`, `cel`, `email`, `address`, `nif`, `url_api`, `token`, `request_type`) VALUES
(1, 'Mercado Central', '(11) 3333-4444', '(11) 99999-8888', 'contato@mercadocentral.com', 'Rua Principal, 123, Centro, São Paulo, SP', '123456789', 'https://api.mercadocentral.com', 'abc123xyz-efsdfsfss-123456', 'GET'),
(2, 'Supermercado Bom Preço', '(11) 5555-6666', '(11) 99999-8888', 'contato@supermercadobompreco.com', 'Rua Secundária, 456, Centro, São Paulo, SP', '987654321', 'https://api.supermercadobompreco.com', 'def456uvw-efsdfsfss-654321', 'POST'),
(3, 'Hortifruti Natural', '(11) 7777-8888', '(11) 99999-8888', 'contato@hortifrutnatural.com', 'Rua Terceira, 789, Centro, São Paulo, SP', '456789123', 'https://api.hortifrutnatural.com', 'ghi789rst-efsdfsfss-789123', 'GET'),
(4, 'Distribuidora de Bebidas S.A.', '(11) 2222-3333', '(11) 98888-7777', 'vendas@distribuidorabebidas.com', 'Av. das Nações, 1000, Industrial, São Paulo, SP', '654321987', 'https://api.distribuidorabebidas.com', 'jkl012mno-efsdfsfss-321987', 'POST'),
(5, 'Frigorífico Prime Carne', '(11) 4444-5555', '(11) 97777-6666', 'compras@primecarne.com', 'Rua dos Abatedouros, 250, Zona Rural, São Paulo, SP', '789123456', 'https://api.primecarne.com', 'pqr345stu-efsdfsfss-789456', 'GET'),
(6, 'Panificadora Pão Quente', '(11) 6666-7777', '(11) 96666-5555', 'contato@paoquente.com', 'Rua dos Padeiros, 75, Centro, São Paulo, SP', '321654987', 'https://api.paoquente.com', 'vwx678yza-efsdfsfss-654987', 'POST'),
(7, 'Laticínios Leite Bom', '(11) 8888-9999', '(11) 95555-4444', 'sac@leitebom.com', 'Fazenda Santa Maria, KM 50, Rodovia SP-300, São Paulo, SP', '987123654', 'https://api.leitebom.com', 'bcd901efg-efsdfsfss-987654', 'GET'),
(8, 'Fornecedor Exemplo', '(11) 3333-4444', '(11) 99999-8888', 'fornecedor@exemplo.com', 'Rua Exemplo, 123, São Paulo - SP', '123.456.789-00', 'https://api.fornecedor.com', 'abc123token456', 'POST');

--
-- Índices para tabelas despejadas
--

--
-- Índices para tabela `doctrine_migration_versions`
--
ALTER TABLE `doctrine_migration_versions`
  ADD PRIMARY KEY (`version`);

--
-- Índices para tabela `ingredient`
--
ALTER TABLE `ingredient`
  ADD PRIMARY KEY (`id`),
  ADD KEY `IDX_6BAF78704584665A` (`product_id`),
  ADD KEY `IDX_6BAF7870DCD6110` (`stock_id`);

--
-- Índices para tabela `invoice`
--
ALTER TABLE `invoice`
  ADD PRIMARY KEY (`id`);

--
-- Índices para tabela `messages_sent`
--
ALTER TABLE `messages_sent`
  ADD PRIMARY KEY (`id`);

--
-- Índices para tabela `messenger_messages`
--
ALTER TABLE `messenger_messages`
  ADD PRIMARY KEY (`id`),
  ADD KEY `IDX_75EA56E0FB7336F0` (`queue_name`),
  ADD KEY `IDX_75EA56E0E3BD61CE` (`available_at`),
  ADD KEY `IDX_75EA56E016BA31DB` (`delivered_at`);

--
-- Índices para tabela `order`
--
ALTER TABLE `order`
  ADD PRIMARY KEY (`id`);

--
-- Índices para tabela `order_item`
--
ALTER TABLE `order_item`
  ADD PRIMARY KEY (`id`),
  ADD KEY `IDX_52EA1F094584665A` (`product_id`),
  ADD KEY `IDX_52EA1F098D9F6D38` (`order_id`);

--
-- Índices para tabela `product`
--
ALTER TABLE `product`
  ADD PRIMARY KEY (`id`),
  ADD KEY `IDX_D34A04AD2ADD6D8C` (`supplier_id`);

--
-- Índices para tabela `stock`
--
ALTER TABLE `stock`
  ADD PRIMARY KEY (`id`),
  ADD KEY `IDX_4B3656602ADD6D8C` (`supplier_id`),
  ADD KEY `IDX_4B3656604584665A` (`product_id`);

--
-- Índices para tabela `supplier`
--
ALTER TABLE `supplier`
  ADD PRIMARY KEY (`id`);

--
-- AUTO_INCREMENT de tabelas despejadas
--

--
-- AUTO_INCREMENT de tabela `ingredient`
--
ALTER TABLE `ingredient`
  MODIFY `id` int NOT NULL AUTO_INCREMENT, AUTO_INCREMENT=85;

--
-- AUTO_INCREMENT de tabela `invoice`
--
ALTER TABLE `invoice`
  MODIFY `id` int NOT NULL AUTO_INCREMENT, AUTO_INCREMENT=2;

--
-- AUTO_INCREMENT de tabela `messages_sent`
--
ALTER TABLE `messages_sent`
  MODIFY `id` int NOT NULL AUTO_INCREMENT, AUTO_INCREMENT=3;

--
-- AUTO_INCREMENT de tabela `messenger_messages`
--
ALTER TABLE `messenger_messages`
  MODIFY `id` bigint NOT NULL AUTO_INCREMENT;

--
-- AUTO_INCREMENT de tabela `order`
--
ALTER TABLE `order`
  MODIFY `id` int NOT NULL AUTO_INCREMENT, AUTO_INCREMENT=325;

--
-- AUTO_INCREMENT de tabela `order_item`
--
ALTER TABLE `order_item`
  MODIFY `id` int NOT NULL AUTO_INCREMENT, AUTO_INCREMENT=806;

--
-- AUTO_INCREMENT de tabela `product`
--
ALTER TABLE `product`
  MODIFY `id` int NOT NULL AUTO_INCREMENT, AUTO_INCREMENT=67;

--
-- AUTO_INCREMENT de tabela `stock`
--
ALTER TABLE `stock`
  MODIFY `id` int NOT NULL AUTO_INCREMENT, AUTO_INCREMENT=81;

--
-- AUTO_INCREMENT de tabela `supplier`
--
ALTER TABLE `supplier`
  MODIFY `id` int NOT NULL AUTO_INCREMENT, AUTO_INCREMENT=9;

--
-- Restrições para despejos de tabelas
--

--
-- Limitadores para a tabela `ingredient`
--
ALTER TABLE `ingredient`
  ADD CONSTRAINT `FK_6BAF78704584665A` FOREIGN KEY (`product_id`) REFERENCES `product` (`id`),
  ADD CONSTRAINT `FK_6BAF7870DCD6110` FOREIGN KEY (`stock_id`) REFERENCES `stock` (`id`);

--
-- Limitadores para a tabela `order_item`
--
ALTER TABLE `order_item`
  ADD CONSTRAINT `FK_52EA1F094584665A` FOREIGN KEY (`product_id`) REFERENCES `product` (`id`),
  ADD CONSTRAINT `FK_52EA1F098D9F6D38` FOREIGN KEY (`order_id`) REFERENCES `order` (`id`);

--
-- Limitadores para a tabela `product`
--
ALTER TABLE `product`
  ADD CONSTRAINT `FK_D34A04AD2ADD6D8C` FOREIGN KEY (`supplier_id`) REFERENCES `supplier` (`id`);

--
-- Limitadores para a tabela `stock`
--
ALTER TABLE `stock`
  ADD CONSTRAINT `FK_4B3656602ADD6D8C` FOREIGN KEY (`supplier_id`) REFERENCES `supplier` (`id`),
  ADD CONSTRAINT `FK_4B3656604584665A` FOREIGN KEY (`product_id`) REFERENCES `product` (`id`);
COMMIT;

/*!40101 SET CHARACTER_SET_CLIENT=@OLD_CHARACTER_SET_CLIENT */;
/*!40101 SET CHARACTER_SET_RESULTS=@OLD_CHARACTER_SET_RESULTS */;
/*!40101 SET COLLATION_CONNECTION=@OLD_COLLATION_CONNECTION */;
